,business_id,name,address,city,state,postal_code,latitude,longitude,stars,review_count,is_open,categories,hours,Median_Income,mean_age,total_open_hours,HappyHour,OutdoorSeating,RestaurantsPriceRange2,BikeParking,HasTV,DogsAllowed,full_bar,beer_wine,standardized_Median_Income,standardized_review_count
0,BfQ4W2cNB2ZSd7yaAhE_BA,PHS Pop Up Garden,1438 South St,Philadelphia,PA,19146,39.943584,-75.1669,4.5,186,0,"Parks, Active Life, Beer Gardens, Mexican, Local Flavor, Restaurants, Nightlife, Bars, Beer, Wine & Spirits, Food","{'Monday': '17:0-22:0', 'Tuesday': '17:0-22:0', 'Wednesday': '17:0-22:0', 'Thursday': '17:0-22:0', 'Friday': '12:0-0:0', 'Saturday': '12:0-0:0', 'Sunday': '12:0-22:0'}",300000.0,42,54.0,True,True,2,True,False,False,True,True,1.536131071592413,0.18220902451186644
1,amqruwbDGCcyu55p2pTjMA,Flying Fish Crafthouse,1363 N 31st St,Philadelphia,PA,19121,39.9775836,-75.1853081,3.0,129,0,"Food, Breweries, Restaurants, Bars, Beer Bar, American (Traditional), Nightlife","{'Wednesday': '16:0-0:0', 'Thursday': '16:0-0:0', 'Friday': '12:0-2:0', 'Saturday': '16:0-2:0', 'Sunday': '20:0-2:0'}",300000.0,37,46.0,True,True,2,True,True,False,True,True,1.536131071592413,-0.07946682323760164
2,mLDc_u44EiqJCSR3L4nQZw,Attic Brewing Company,137 Berkley St,Philadelphia,PA,19144,40.0229869,-75.1616977,4.5,27,1,"Food, Nightlife, Brewpubs, Bars, Beer Bar, Breweries","{'Monday': '16:0-21:0', 'Tuesday': '16:0-21:0', 'Wednesday': '16:0-22:0', 'Thursday': '16:0-22:0', 'Friday': '15:0-23:0', 'Saturday': '13:0-23:0', 'Sunday': '13:0-21:0'}",300000.0,41,48.0,False,True,2,False,False,False,False,True,1.536131071592413,-0.5477288665787551
3,ltaDKBb6_PMAOAXthRFKLA,Alma Mater,7165 Germantown Ave,Philadelphia,PA,19119,40.060177,-75.190676,2.0,26,0,"Restaurants, American (Traditional), American (New), Sports Bars, Nightlife, Beer Gardens, Bars","{'Monday': '7:0-2:0', 'Tuesday': '7:0-2:0', 'Wednesday': '7:0-2:0', 'Thursday': '7:0-2:0', 'Friday': '7:0-2:0', 'Saturday': '7:0-2:0', 'Sunday': '7:0-2:0'}",300000.0,41,133.0,True,True,2,True,True,True,True,True,1.536131071592413,-0.5523196709252369
4,xEaNFfbt5V3evb7H2XFX-A,Brewery ARS,1927 W Passyunk Ave,Philadelphia,PA,19145,39.9239563124,-75.1788754016,4.5,53,1,"Breweries, Beer, Wine & Spirits, Food","{'Wednesday': '16:0-20:0', 'Thursday': '16:0-20:0', 'Friday': '16:0-20:0', 'Saturday': '14:0-19:0', 'Sunday': '14:0-19:0'}",300000.0,42,22.0,False,False,1,True,False,True,False,True,1.536131071592413,-0.4283679535702257
5,ulfMNXHzGVleRf2U5KwiQQ,Earth Bread + Brewery,7136 Germantown Ave,Philadelphia,PA,19119,40.059176,-75.1904467,4.0,380,1,"Pizza, Food, Breweries, American (New), Restaurants","{'Tuesday': '16:30-20:30', 'Wednesday': '16:30-20:30', 'Thursday': '16:30-20:30', 'Friday': '16:30-21:30', 'Saturday': '16:30-20:30'}",300000.0,41,21.0,True,False,2,True,False,False,True,True,1.536131071592413,1.0728250677293543
6,99e7bysta1myyrQogFEWUQ,Dock Street Brewery,701 S 50th St,Philadelphia,PA,19143,39.9477306374,-75.2227761947,4.0,549,1,"Beer, Wine & Spirits, Restaurants, Breweries, Pizza, Local Flavor, American (New), Vegetarian, Food, Brewpubs","{'Monday': '0:0-0:0', 'Tuesday': '16:0-22:0', 'Wednesday': '16:0-22:0', 'Thursday': '14:0-20:0', 'Friday': '15:0-23:0', 'Saturday': '12:0-23:0'}",300000.0,39,37.0,True,True,2,True,True,False,False,True,1.536131071592413,1.8486710022847948
7,M5CjW616vAHgxnWNmxAFvw,Point Breeze Pop Up,1622 Point Breeze Ave,Philadelphia,PA,19145,39.9317771,-75.1823498,3.5,10,0,"Pop-up Shops, Beer Gardens, Shopping, Food, Nightlife, Food Trucks, Beer, Wine & Spirits","{'Thursday': '16:0-22:0', 'Friday': '16:0-23:0', 'Saturday': '12:0-23:0', 'Sunday': '12:0-22:0'}",300000.0,42,34.0,False,False,1,True,False,False,False,True,1.536131071592413,-0.6257725404689473
8,K_CS--rB2jpdZ_YmffEInQ,Chestnut Hill Brewing Co - Taproom,8231 Germantown Ave,Philadelphia,PA,19118,40.0741808,-75.2030783,3.5,10,1,"Beer Bar, Nightlife, Food, Restaurants, Salad, Bars, Pizza, Breweries","{'Wednesday': '16:0-21:0', 'Thursday': '16:0-21:0', 'Friday': '11:30-21:0', 'Saturday': '11:30-21:0', 'Sunday': '11:30-20:0'}",300000.0,43,37.5,False,True,2,True,True,False,False,True,1.536131071592413,-0.6257725404689473
9,0dfspevYKsugYiU1UVl94Q,Brewerytown Taproom,1363 N 31st St,Philadelphia,PA,19121,39.9775302,-75.1855542,3.0,12,0,"Brewpubs, Food, Restaurants, American (Traditional), Breweries","{'Wednesday': '16:0-23:0', 'Thursday': '16:0-23:0', 'Friday': '11:0-2:0', 'Saturday': '11:0-2:0', 'Sunday': '11:0-21:0'}",300000.0,37,54.0,False,False,2,False,False,False,False,True,1.536131071592413,-0.6165909317759835
10,P57AT1_VQ6ZA_sBlvzN43g,Dock Street Cannery and Tasting Room,705 S 50th St,Philadelphia,PA,19143,39.94761,-75.22253,4.0,13,1,"Arts & Entertainment, Cocktail Bars, Breweries, Lounges, Wine Tasting Room, Nightlife, Beer Bar, Bars, Food, Wineries","{'Thursday': '16:0-23:0', 'Friday': '16:0-0:0', 'Saturday': '16:0-0:0'}",300000.0,39,23.0,False,True,1,False,True,False,False,True,1.536131071592413,-0.6120001274295016
11,vq73W-SHrwBgXzQ__0yV2w,Second District Brewing,1939 S Bancroft St,Philadelphia,PA,19145,39.9261812341,-75.1730921385,4.0,103,1,"American (New), Beer Bar, Restaurants, Bars, Food, Breweries, Nightlife, American (Traditional)","{'Monday': '15:0-23:0', 'Wednesday': '15:0-23:0', 'Thursday': '15:0-23:0', 'Friday': '12:0-0:0', 'Saturday': '12:0-0:0', 'Sunday': '12:0-23:0'}",300000.0,42,59.0,True,True,2,True,True,False,True,True,1.536131071592413,-0.19882773624613093
12,AWWAiEideKaYmgSblQTsqg,Malt House Ltd,,Philadelphia,PA,19119,40.0487466,-75.1953934,4.5,12,0,"Hobby Shops, Education, Beer, Wine & Spirits, Adult Education, Party Equipment Rentals, Breweries, Event Planning & Services, Do-It-Yourself Food, Shopping, Food, Brewing Supplies",,300000.0,41,0.0,False,False,2,False,False,False,False,True,1.536131071592413,-0.6165909317759835
13,EvYeRMbG9XlEkafCJfnovA,Bruno's,9800 Germantown Pike,Philadelphia,PA,19118,40.086094,-75.230789,3.0,114,1,"Italian, Brazilian, Coffee & Tea, Breakfast & Brunch, Breweries, Restaurants, Brewpubs, Food","{'Monday': '8:0-20:0', 'Tuesday': '8:0-20:0', 'Wednesday': '8:0-20:0', 'Thursday': '8:0-20:0', 'Friday': '8:0-20:0', 'Saturday': '8:0-20:0', 'Sunday': '8:0-20:0'}",300000.0,43,84.0,False,True,1,True,False,True,False,True,1.536131071592413,-0.14832888843483008
14,lXkjfmdIKGB-WwEuuEEAmw,Milo - The Meeting House,7165 Germantown Ave,Philadelphia,PA,19119,40.0601522,-75.1907202,3.5,23,1,"Noodles, Venues & Event Spaces, Gastropubs, Tacos, Vegetarian, Beer Gardens, American (Traditional), Mexican, Event Planning & Services, Nightlife, Arts & Entertainment, Music Venues, Vegan, Restaurants, Seafood","{'Wednesday': '18:0-23:0', 'Thursday': '18:0-23:0', 'Friday': '18:0-23:0', 'Saturday': '18:0-23:0', 'Sunday': '18:0-23:0'}",300000.0,41,25.0,True,True,2,False,False,False,True,True,1.536131071592413,-0.5660920839646826
15,W_vlLO_fS_MuLTvxt1B7AA,Brewers Outlet Of Mt. Airy & Chestnut Hill,7401 Germantown Ave,Philadelphia,PA,19119,40.0629418275,-75.1929348251,4.0,27,1,"Grocery, Shopping, Tobacco Shops, Beer, Wine & Spirits, Convenience Stores, Food, Brewing Supplies, Breweries","{'Monday': '10:0-19:0', 'Tuesday': '9:0-19:0', 'Wednesday': '9:0-19:0', 'Thursday': '9:0-20:0', 'Friday': '9:0-20:30', 'Saturday': '9:0-20:30', 'Sunday': '12:0-17:30'}",300000.0,41,68.5,False,False,2,True,False,False,False,True,1.536131071592413,-0.5477288665787551
16,E_w9t1HQtcizm9didoC4yQ,Young American Cider,6350 Germantown Ave,Philadelphia,PA,19144,40.0446083,-75.1818294,5.0,12,1,"Breweries, Food, Beverage Store",,300000.0,41,0.0,False,False,2,False,False,False,False,True,1.536131071592413,-0.6165909317759835
17,O823FiPDepbCKYo7w2uGAg,Macaroni's Restaurant,9315 Old Bustleton Ave,Philadelphia,PA,19115,40.0817359,-75.0382522,4.0,211,1,"Restaurants, Nightlife, Beer Gardens, Italian, Pizza","{'Tuesday': '12:0-22:0', 'Wednesday': '12:0-22:0', 'Thursday': '12:0-22:0', 'Friday': '12:0-23:0', 'Saturday': '12:0-23:0', 'Sunday': '12:0-21:30'}",300000.0,37,61.5,True,True,3,False,True,False,True,True,1.536131071592413,0.29697913317391383
18,ohWH383r60AREWh-aphpSw,Iron Hill Brewery & Restaurant,8400 Germantown Ave,Philadelphia,PA,19118,40.0750694,-75.2055144,3.5,384,1,"American (New), Breweries, Desserts, American (Traditional), Restaurants, Food","{'Monday': '11:30-21:0', 'Tuesday': '11:30-21:0', 'Wednesday': '11:30-21:0', 'Thursday': '11:30-21:0', 'Friday': '11:30-23:0', 'Saturday': '11:30-23:0', 'Sunday': '11:30-21:0'}",300000.0,43,70.5,True,True,2,True,True,False,True,True,1.536131071592413,1.0911882851152819
19,doti90GE8LhHP9ssbUuFTg,Philly Homebrew Outlet West,1314 S 47th St,Philadelphia,PA,19143,39.9426904,-75.2104835,4.0,9,1,"Education, Shopping, Hobby Shops, Food, Specialty Schools, Beer, Wine & Spirits, Brewing Supplies","{'Monday': '11:0-19:0', 'Tuesday': '11:0-19:0', 'Wednesday': '11:0-19:0', 'Thursday': '11:0-19:0', 'Friday': '11:0-19:0', 'Saturday': '10:0-17:0', 'Sunday': '10:0-17:0'}",300000.0,39,54.0,False,False,2,True,False,True,False,True,1.536131071592413,-0.6303633448154292
20,FImeJg7pVG9K7wjuexmV4Q,Pass & Stow,1 Citizens Bank Way,Philadelphia,PA,19148,39.9059929,-75.1666401,4.0,10,1,"Pizza, Beer Gardens, Bars, Nightlife, Pubs, Restaurants",,300000.0,44,0.0,False,False,2,False,True,False,False,True,1.536131071592413,-0.6257725404689473
21,BtxUZn4d7yxsHwdlRq1dkw,Mount Airy Tap Room,300 W Mt Pleasant Ave,Philadelphia,PA,19119,40.0539009,-75.1941853,4.5,51,1,"Breweries, Nightlife, Gastropubs, Bars, Food, Brewpubs, Beer Bar, Sandwiches, American (New), Restaurants, Pubs","{'Monday': '16:0-21:0', 'Tuesday': '16:0-21:0', 'Wednesday': '16:0-21:0', 'Thursday': '16:0-21:0', 'Friday': '16:0-21:0', 'Saturday': '16:0-21:0', 'Sunday': '12:0-21:0'}",300000.0,41,39.0,True,True,2,True,True,False,True,True,1.536131071592413,-0.43754956226318953
22,5CHjDZYRVAdj3MJ3oc4v4g,Pentridge Station Beer Garden,5116  Pentridge St,Philadelphia,PA,19143,39.9455249536,-75.2242228389,4.5,9,1,"Donuts, Food, Nightlife, Beer Gardens","{'Friday': '18:0-23:0', 'Saturday': '18:0-23:0', 'Sunday': '18:0-23:0'}",300000.0,39,15.0,False,False,1,False,True,False,False,True,1.536131071592413,-0.6303633448154292
23,s-Ff-8M5-AR-5jl59lCj1w,Xfinity Live! Philadelphia,1100 Pattison Ave,Philadelphia,PA,19148,39.9044484999,-75.1696318388,3.0,361,1,"Restaurants, Nightlife, American (New), Food, Sports Bars, Bars, Breweries, Beer, Wine & Spirits","{'Monday': '11:0-2:0', 'Tuesday': '11:0-2:0', 'Wednesday': '11:0-2:0', 'Thursday': '11:0-2:0', 'Friday': '11:0-2:0', 'Saturday': '11:0-2:0', 'Sunday': '11:0-2:0'}",300000.0,44,105.0,False,True,2,True,True,False,True,True,1.536131071592413,0.9855997851461983
24,-BjXcRcvDqOQ23eUKx6hjg,Brew,1900 S 15th St,Philadelphia,PA,19145,39.9269698,-75.1710674,4.5,209,0,"Beer, Wine & Spirits, Nightlife, Beer Bar, Coffee & Tea, Breweries, Food, Internet Cafes, Bars","{'Monday': '11:0-21:0', 'Tuesday': '11:0-21:0', 'Wednesday': '11:0-21:0', 'Thursday': '11:0-22:0', 'Friday': '11:0-22:0', 'Saturday': '11:0-22:0', 'Sunday': '11:0-22:0'}",300000.0,42,74.0,False,True,1,True,False,False,False,True,1.536131071592413,0.2877975244809501
25,Am5wWa0v13NZRsJ-g9f9cQ,Chestnut Hill Brewing Company,8221 Germantown Ave,Philadelphia,PA,19118,40.074276,-75.20258,4.5,108,1,"Food, Beer Bar, Breweries, Nightlife, Pizza, Restaurants, Bars","{'Wednesday': '16:0-21:0', 'Thursday': '16:0-21:0', 'Friday': '11:30-21:0', 'Saturday': '11:30-21:0', 'Sunday': '11:30-20:0'}",300000.0,43,37.5,True,True,2,True,False,True,False,True,1.536131071592413,-0.17587371451372144
26,MOqxUxYiMXCdwhO6Oe-8Ow,Separatist South Philly,1646 S 12th St,Philadelphia,PA,19148,39.9289360744,-75.1650834829,4.5,20,1,"Brewpubs, Food, Breweries","{'Monday': '16:0-22:0', 'Tuesday': '16:0-22:0', 'Wednesday': '16:0-22:0', 'Thursday': '16:0-22:0', 'Friday': '16:0-23:0', 'Saturday': '12:0-23:0', 'Sunday': '12:0-20:0'}",300000.0,44,50.0,False,False,2,False,False,True,False,True,1.536131071592413,-0.5798644970041283
27,Cmfs_i-FtaR6O1C07OEcOg,Dock Street Brewery South,2118 Washington Ave,Philadelphia,PA,19146,39.9391831963,-75.1792988554,3.5,93,1,"Venues & Event Spaces, Event Planning & Services, American (Traditional), Restaurants, Breweries, Brewpubs, Food","{'Monday': '0:0-0:0', 'Wednesday': '16:0-22:0', 'Thursday': '14:0-20:0', 'Friday': '15:0-23:0', 'Saturday': '11:0-23:0', 'Sunday': '11:0-22:0'}",300000.0,42,43.0,True,False,2,True,False,False,False,True,1.536131071592413,-0.2447357797109499
28,NQSnr4RPUScss607oxOaqw,Chase's Hop Shop,7235 Rising Sun Ave,Philadelphia,PA,19111,40.0603863,-75.0845897,4.5,116,1,"Chicken Wings, Nightlife, Bars, Delis, Food, Beer Gardens, Sandwiches, Beer Bar, Restaurants, Beer, Wine & Spirits, Gastropubs","{'Monday': '0:0-0:0', 'Tuesday': '13:15-20:30', 'Wednesday': '14:0-20:30', 'Thursday': '14:0-20:30', 'Friday': '11:45-21:0', 'Saturday': '14:0-21:0', 'Sunday': '11:45-20:0'}",300000.0,42,44.75,False,True,1,False,True,False,False,True,1.536131071592413,-0.13914727974186628
29,o_Qn1BN-0BQjSo7PNPDCKw,PHS Pop Up Garden - East Passyunk,Wharton St and South 9th St,Philadelphia,PA,19147,39.9330522,-75.1591362,4.5,12,0,"Local Services, Community Service/Non-Profit, Beer Gardens, Food Stands, Local Flavor, Nightlife, Restaurants","{'Monday': '12:0-22:0', 'Tuesday': '12:0-22:0', 'Wednesday': '12:0-22:0', 'Thursday': '12:0-22:0', 'Friday': '12:0-0:0', 'Saturday': '14:0-0:0', 'Sunday': '12:0-22:0'}",106981.0,35,72.0,False,False,2,False,False,False,False,True,-0.18717192396374582,-0.6165909317759835
30,cwn_MBPFUJtme68WURSgKA,Bainbridge Street Barrel House,625-27 S 6th St,Philadelphia,PA,19147,39.9412093,-75.1522391,3.0,347,0,"Food, Breweries, Nightlife, Pubs, Sandwiches, Comfort Food, Bars, Beer Bar, Restaurants, Breakfast & Brunch, American (New), Sports Bars, Gastropubs","{'Monday': '16:0-1:0', 'Tuesday': '16:0-1:0', 'Wednesday': '16:0-1:0', 'Thursday': '16:0-1:0', 'Friday': '11:0-2:0', 'Saturday': '10:0-2:0', 'Sunday': '10:0-0:0'}",106981.0,35,81.0,True,True,2,True,True,True,True,True,-0.18717192396374582,0.9213285242954518
31,0R2yKDNMUztQwgo8pG4z-Q,Triumph Brewing Company,117 Chestnut St,Philadelphia,PA,19106,39.948506,-75.143475,3.5,318,0,"Restaurants, Breweries, Music Venues, Nightlife, American (New), Food, Arts & Entertainment","{'Wednesday': '16:0-23:0', 'Thursday': '16:0-23:0', 'Friday': '16:0-2:0', 'Saturday': '14:0-2:0', 'Sunday': '14:0-23:0'}",101360.0,48,45.0,False,True,2,False,True,False,True,True,-0.23735706707411924,0.7881951982474767
32,CL1kpAsyhhb19w0aWDOLuw,Old City Beer Garden,240 Market St,Philadelphia,PA,19106,39.949699,-75.145341,4.0,42,1,"Event Planning & Services, Venues & Event Spaces, Bars, Nightlife, Beer Gardens, Restaurants","{'Monday': '12:0-0:0', 'Tuesday': '12:0-0:0', 'Wednesday': '12:0-0:0', 'Thursday': '12:0-0:0', 'Friday': '12:0-2:0', 'Saturday': '12:0-2:0', 'Sunday': '12:0-22:0'}",101360.0,48,86.0,True,True,1,True,True,True,True,True,-0.23735706707411924,-0.4788668013815266
33,1OfhM-ZKvcpxyxptCCzEwA,Independence Beer Garden,100 S Independence Mall W,Philadelphia,PA,19106,39.9502943,-75.150981,3.5,513,1,"Bars, Nightlife, American (New), Gastropubs, Food Trucks, Parks, Restaurants, Beer Gardens, Active Life, Barbeque, Food, Beer, Wine & Spirits, American (Traditional)","{'Monday': '0:0-0:0', 'Wednesday': '15:0-0:0', 'Thursday': '15:0-0:0', 'Friday': '15:0-2:0', 'Saturday': '12:0-2:0', 'Sunday': '12:0-0:0'}",101360.0,48,55.0,True,True,2,True,True,False,True,True,-0.23735706707411924,1.6834020458114465
34,lSR0JkU7iCnR7sP-8Gjkqw,The Garden,121 N Columbus Blvd,Philadelphia,PA,19106,39.9525531,-75.1397163,4.5,7,1,"Cafes, Beer Gardens, Restaurants, Nightlife","{'Monday': '16:0-22:0', 'Tuesday': '16:0-22:0', 'Wednesday': '16:0-22:0', 'Thursday': '16:0-22:0', 'Friday': '16:0-23:0', 'Saturday': '12:0-23:0', 'Sunday': '12:0-22:0'}",101360.0,48,52.0,False,True,2,True,False,True,True,True,-0.23735706707411924,-0.639544953508393
35,jEasa4Sbzy4NdLyzPPgQyg,2nd Story Brewing,117 Chestnut St,Philadelphia,PA,19106,39.9484739,-75.1435556,4.0,561,1,"Breweries, Bars, Restaurants, Food, Nightlife, American (New), Pubs, Gastropubs","{'Monday': '0:0-0:0', 'Thursday': '16:0-21:0', 'Friday': '16:0-22:0', 'Saturday': '11:30-22:0', 'Sunday': '12:0-19:0'}",101360.0,48,28.5,True,True,2,True,True,False,True,True,-0.23735706707411924,1.9037606544425776
36,609Lr-Hvo3sr9amdiimOJA,Inspired Brews,263 N 3rd St,Philadelphia,PA,19106,39.9557476,-75.144334,5.0,20,0,"Restaurants, Organic Stores, Kombucha, Food, Cafes, Breweries","{'Monday': '0:0-0:0', 'Tuesday': '10:0-18:0', 'Wednesday': '10:0-18:0', 'Thursday': '10:0-18:0', 'Friday': '10:0-18:0', 'Saturday': '9:0-16:0', 'Sunday': '9:0-16:0'}",101360.0,48,46.0,False,False,1,True,False,False,False,True,-0.23735706707411924,-0.5798644970041283
37,8KBDQlSdjJ-NoLbpPvkOrw,La Peg,140 N Columbus Blvd,Philadelphia,PA,19106,39.9534524019,-75.1404362747,3.5,252,1,"French, Arts & Entertainment, Cocktail Bars, American (Traditional), Brasseries, Bars, Beer Gardens, Music Venues, Restaurants, Gastropubs, Tapas/Small Plates, Nightlife, American (New)","{'Wednesday': '17:0-22:0', 'Thursday': '17:0-22:0', 'Friday': '17:0-23:0', 'Saturday': '16:0-23:0'}",101360.0,48,23.0,True,True,2,True,False,True,True,True,-0.23735706707411924,0.4852021113796716
38,dUrtFfHBz15Q4GiyDFAqUw,New Ridge Brewing,6168 Ridge Ave,Philadelphia,PA,19128,40.0349311,-75.2170593,5.0,54,1,"Restaurants, Gastropubs, Breweries, Food",,97478.0,44,0.0,True,True,2,False,False,False,False,True,-0.27201615363424547,-0.4237771492237438
39,iPyhEN7uBsRYQdDDs36f2w,Twisted Gingers Brewing Company,4317 Fleming St,Philadelphia,PA,19128,40.0274932,-75.218518,4.5,26,1,"Food, Pizza, Restaurants, Breweries, Brewpubs","{'Monday': '16:0-20:30', 'Wednesday': '16:0-20:30', 'Thursday': '16:0-20:30', 'Friday': '16:0-21:30', 'Saturday': '12:0-21:30', 'Sunday': '12:0-19:0'}",97478.0,44,35.5,True,True,2,False,False,False,False,True,-0.27201615363424547,-0.5523196709252369
40,5y1UZxEVE8QJob1XMRKp8A,With Love Beer Garden,One Logan Square,Philadelphia,PA,19103,39.9568924,-75.1695151,4.0,5,0,"Local Flavor, Breweries, Food",,87311.0,45,0.0,False,False,2,False,False,False,False,True,-0.3627886763176055,-0.6487265622013567
41,-2-ih3mE8KPyeKVIzpBfPQ,SkyGarten,"1717 Arch St, Fl 51, Three Logan Square",Philadelphia,PA,19103,39.9553097,-75.1692673,3.5,109,0,"American (Traditional), Bars, Restaurants, Nightlife, Beer Gardens","{'Monday': '0:0-0:0', 'Wednesday': '17:0-22:0', 'Thursday': '17:0-22:0', 'Friday': '17:0-23:0', 'Saturday': '17:0-23:0'}",87311.0,45,22.0,True,True,2,True,True,False,True,True,-0.3627886763176055,-0.17128291016723957
42,v45E6gg6MrAziTepkiWByA,Harper's Garden,31 S 18th St,Philadelphia,PA,19103,39.9522045,-75.1695409,4.0,516,1,"Wine Bars, Bars, American (New), Nightlife, Tapas/Small Plates, Cocktail Bars, Restaurants, Beer Gardens, Salad","{'Monday': '0:0-0:0', 'Tuesday': '11:30-0:0', 'Wednesday': '11:30-0:0', 'Thursday': '11:30-0:0', 'Friday': '10:0-0:0', 'Saturday': '10:0-0:0', 'Sunday': '10:0-0:0'}",87311.0,45,79.5,True,True,2,True,False,False,True,True,-0.3627886763176055,1.6971744588508921
43,6IwF2rpoaiR_W6DzOvuceA,Victory Brewing Company Philadelphia,1776 Benjamin Franklin Pkwy,Philadelphia,PA,19103,39.9561946841,-75.1689851604,4.5,51,1,"Nightlife, Breweries, Bars, Food, Pubs, Restaurants, Brewpubs","{'Monday': '0:0-0:0', 'Tuesday': '11:0-22:0', 'Wednesday': '11:0-22:0', 'Thursday': '11:0-22:0', 'Friday': '11:0-23:0', 'Saturday': '11:0-23:0', 'Sunday': '11:0-21:0'}",87311.0,45,67.0,False,False,2,False,False,False,False,True,-0.3627886763176055,-0.43754956226318953
44,2EMTsTg8876QbtIGDH-69w,Uptown Beer Garden,1735 Market St,Philadelphia,PA,19103,39.95391,-75.16923,3.0,49,0,"Beer Gardens, Nightlife, Beer, Wine & Spirits, Food","{'Monday': '17:0-22:0', 'Tuesday': '17:0-22:0', 'Wednesday': '12:0-0:0', 'Thursday': '12:0-0:0', 'Friday': '12:0-0:0', 'Saturday': '12:0-0:0'}",87311.0,45,58.0,True,True,2,True,True,False,True,True,-0.3627886763176055,-0.44673117095615333
45,w5FjaN7TdoduMUD0CYYD8g,Bald Birds Brewing Company,4323 Main St,Philadelphia,PA,19127,40.0253102,-75.2227694,4.5,23,0,"Bars, Nightlife, Beer Bar, Food, Breweries","{'Friday': '16:0-23:0', 'Saturday': '12:0-23:0', 'Sunday': '12:0-20:0'}",86900.0,42,26.0,False,False,2,True,True,False,False,True,-0.366458146842132,-0.5660920839646826
46,B89LbTiRc7FPoTwOt7DOiw,Fat Lady Brewing,4323 Main St,Philadelphia,PA,19127,40.0253102242,-75.2227694169,3.5,6,1,"Breweries, Food",,86900.0,42,0.0,False,False,2,False,False,False,False,True,-0.366458146842132,-0.6441357578548749
47,ZGH8MzJa7Q7iIpmtzBAJAQ,Manayunk Brewery,4120 Main St,Philadelphia,PA,19127,40.022471,-75.2188,3.5,692,1,"Sushi Bars, American (New), Bars, Pizza, American (Traditional), Restaurants, Nightlife, Breweries, Food","{'Wednesday': '12:0-20:0', 'Thursday': '12:0-20:0', 'Friday': '12:0-22:0', 'Saturday': '12:0-22:0', 'Sunday': '12:0-20:0'}",86900.0,42,44.0,True,True,2,True,True,False,True,True,-0.366458146842132,2.5051560238317063
48,5lZNaU_zyoVA9tX-yKwA2A,Parks On Tap,100 N Horticultural Dr,Philadelphia,PA,19131,39.9834,-75.2102016,3.5,33,1,"Food, Beer Gardens, Food Trucks, Arts & Entertainment, Restaurants, Nightlife, Festivals, Pop-Up Restaurants","{'Monday': '12:0-22:0', 'Tuesday': '16:0-22:0', 'Wednesday': '16:0-22:0', 'Thursday': '16:0-22:0', 'Friday': '16:0-22:0', 'Saturday': '12:0-22:0', 'Sunday': '12:0-22:0'}",61965.0,45,54.0,False,True,2,True,False,True,False,True,-0.5890816201488677,-0.5201840404998637
49,P0LuuY4gbVRWhUQ1wa6BrA,Fishtown Brewpub,1101 Frankford Ave,Philadelphia,PA,19125,39.9677250832,-75.1340245083,3.5,95,0,"Gastropubs, Food, Brewpubs, Breweries, Restaurants","{'Tuesday': '16:0-2:0', 'Wednesday': '16:0-2:0', 'Thursday': '16:0-2:0', 'Friday': '16:0-2:0', 'Saturday': '11:0-2:0', 'Sunday': '11:0-0:0'}",60984.0,46,68.0,False,False,2,True,False,False,False,True,-0.5978401373862412,-0.2355541710179861
50,vUrTGX_7HxqeoQ_6QCVz6g,Suraya,1528 Frankford Ave,Philadelphia,PA,19125,39.9736865005,-75.1339557767,4.5,1121,1,"Active Life, Beer Gardens, Grocery, Middle Eastern, Specialty Food, American (New), Parks, Cafes, Food, Nightlife, Restaurants, Coffee & Tea, Lebanese","{'Monday': '17:0-21:30', 'Tuesday': '17:0-21:30', 'Wednesday': '17:0-21:30', 'Thursday': '17:0-21:30', 'Friday': '17:0-22:30', 'Saturday': '17:0-22:30', 'Sunday': '17:0-21:30'}",60984.0,46,33.5,False,None,3,True,False,False,True,True,-0.5978401373862412,4.4746110884724395
51,rCjSWBrL9DWMZ_ETu5AElg,Tired Hands Biergarten,2213 Frankford Ave,Philadelphia,PA,19125,39.9797416849,-75.1290151477,4.0,16,1,"Beer Gardens, Nightlife","{'Wednesday': '17:0-22:0', 'Thursday': '17:0-22:0', 'Friday': '17:0-22:0', 'Saturday': '12:0-22:0', 'Sunday': '12:0-22:0'}",60984.0,46,35.0,False,False,2,False,True,False,False,True,-0.5978401373862412,-0.598227714390056
52,TnPYPIDubOiO6ntG7f0r5w,Red Brick Craft Distillery,2628 Martha St,Philadelphia,PA,19125,39.9846878,-75.1224542,4.5,18,1,"Food, Cocktail Bars, Bars, Nightlife, Beer, Wine & Spirits, Distilleries, Breweries","{'Saturday': '13:0-18:0', 'Sunday': '13:0-18:0'}",60984.0,46,10.0,False,False,2,True,False,False,False,True,-0.5978401373862412,-0.5890461056970921
53,K-7yK_HKL0FncU3pxC92tw,St. Oner’s,2218 Frankford Ave,Philadelphia,PA,19125,39.9801329616,-75.1291918382,4.0,9,1,"Breweries, Noodles, Restaurants, Food, Brewpubs","{'Monday': '16:0-20:0', 'Tuesday': '16:0-20:0', 'Wednesday': '12:0-20:0', 'Thursday': '12:0-20:0', 'Friday': '12:0-20:0', 'Saturday': '12:0-20:0', 'Sunday': '12:0-18:0'}",60984.0,46,46.0,False,False,2,False,False,False,False,True,-0.5978401373862412,-0.6303633448154292
54,ELY0HI8GDEx0jkmREVna0A,Frankford Hall,1210 Frankford Ave,Philadelphia,PA,19125,39.969439,-75.134647,4.0,981,1,"German, Restaurants, Nightlife, Food, Bars, Pretzels, Beer Gardens, Pubs","{'Monday': '0:0-0:0', 'Tuesday': '16:0-22:0', 'Wednesday': '16:0-22:0', 'Thursday': '16:0-22:0', 'Friday': '14:0-20:0', 'Saturday': '12:0-2:0', 'Sunday': '12:0-21:0'}",60984.0,46,47.0,True,True,2,True,True,False,True,True,-0.5978401373862412,3.8318984799649742
55,OScArtTInz7zQdW5wC2Ebw,Fishtown Hops,1001 N Delaware Ave,Philadelphia,PA,19125,39.9638134,-75.1324645,3.0,19,0,"Wine Bars, Nightlife, American (New), Cocktail Bars, Bars, Restaurants, Imported Food, Food, Beer Bar, Beer Gardens, American (Traditional)","{'Monday': '12:0-20:0', 'Tuesday': '12:0-20:0', 'Wednesday': '12:0-20:0', 'Thursday': '12:0-20:0', 'Friday': '12:0-2:0', 'Saturday': '12:0-2:0', 'Sunday': '12:0-20:0'}",60984.0,46,68.0,True,True,2,False,True,False,False,True,-0.5978401373862412,-0.5844553013506102
56,PPEjKBvE2lV6JNUVnSHkFA,Philadelphia Brewing Company,2440 Frankford Ave,Philadelphia,PA,19125,39.9826101,-75.1273561,4.5,150,1,"Breweries, Food, Local Flavor","{'Monday': '11:0-23:0', 'Tuesday': '11:0-23:0', 'Wednesday': '11:0-0:0', 'Thursday': '11:0-0:0', 'Friday': '11:0-0:0', 'Saturday': '11:0-0:0', 'Sunday': '11:0-23:0'}",60984.0,46,88.0,False,False,1,True,False,False,False,True,-0.5978401373862412,0.016940068038518188
57,_f3JQU6IXpGmTLaSqGy79g,BRÜ Craft & Wurst,1318 Chestnut St,Philadelphia,PA,19107,39.9503152253,-75.1624865435,3.5,526,1,"German, Beer Bar, Food, Bars, Nightlife, Restaurants, Beer, Wine & Spirits, Beer Gardens","{'Monday': '11:0-2:0', 'Tuesday': '11:0-2:0', 'Wednesday': '11:0-2:0', 'Thursday': '11:0-2:0', 'Friday': '11:0-2:0', 'Saturday': '11:0-2:0', 'Sunday': '11:0-14:0'}",59706.0,46,93.0,True,True,2,True,True,False,True,True,-0.6092503158055718,1.743082502315711
58,pe01uqQsa6raj-4HWRjgGg,Independence Brew Pub,1150 Filbert St,Philadelphia,PA,19107,39.952616,-75.159445,4.5,5,0,"Food, Restaurants, Breweries, Bars, Nightlife",,59706.0,46,0.0,True,False,2,False,False,False,False,True,-0.6092503158055718,-0.6487265622013567
59,KrKQChZ1hwHHVaUK9Zc-Ag,Iron Hill Brewery & Restaurant,1150 Market St,Philadelphia,PA,19107,39.9515764639,-75.1596684381,4.0,324,1,"Food, Breweries, Restaurants, American (Traditional), Brewpubs","{'Monday': '11:30-21:0', 'Tuesday': '11:30-21:0', 'Wednesday': '11:30-21:0', 'Thursday': '11:30-21:0', 'Friday': '11:30-23:0', 'Saturday': '11:30-23:0', 'Sunday': '11:30-21:0'}",59706.0,46,70.5,True,True,2,False,True,False,True,True,-0.6092503158055718,0.8157400243263682
60,TxblhpgMehO8a3pgIvE0Eg,Chinatown Popup Beer Garden,212 N 11th St,Philadelphia,PA,19107,39.9561544,-75.1575744,2.5,5,0,"Beer Gardens, Nightlife","{'Thursday': '16:0-23:0', 'Friday': '16:0-23:0', 'Saturday': '16:0-23:0', 'Sunday': '16:0-23:0'}",59706.0,46,28.0,False,True,2,False,False,False,True,True,-0.6092503158055718,-0.6487265622013567
61,ClItrcjw1Im2qoUS3vICnw,Balcony Bar @ The Kimmel Center,300 S Broad St,Philadelphia,PA,19107,39.9467934402,-75.1652970538,3.5,10,1,"Restaurants, Nightlife, Beer Gardens, Pop-Up Restaurants",,59706.0,46,0.0,True,True,2,False,False,False,False,True,-0.6092503158055718,-0.6257725404689473
62,zCmdpK9TYREr3sO1QO6BCw,Philly Brew Tours by City Brew Tours,1277 Filbert St,Philadelphia,PA,19107,39.9530598,-75.1606397,5.0,68,1,"Event Planning & Services, Tours, Beer Tours, Breweries, Team Building Activities, Food Tours, Food, Hotels & Travel","{'Monday': '0:0-0:0', 'Tuesday': '0:0-0:0', 'Wednesday': '0:0-0:0', 'Thursday': '0:0-0:0', 'Friday': '0:0-0:0', 'Saturday': '0:0-0:0', 'Sunday': '0:0-0:0'}",59706.0,46,0.0,False,False,2,True,False,False,False,True,-0.6092503158055718,-0.3595058883729973
63,VqbS5tyfB0t1VIbjqtudWQ,Nicoletti Beverage Center,7040 State Rd,Philadelphia,PA,19135,40.0240264,-75.0361858,4.0,5,1,"Breweries, Beer, Wine & Spirits, Food",,53820.0,38,0.0,False,False,2,False,False,False,False,True,-0.6618014192298126,-0.6487265622013567
64,87lcGuiskjrqBlMwVY0zrg,Enliven Planters,,Philadelphia,PA,19129,40.0149824,-75.1866396,4.5,11,1,"Gardeners, Landscaping, Shopping, Home Services, Home & Garden, Nurseries & Gardening, Nightlife, Home Decor, Beer Gardens","{'Monday': '8:0-18:0', 'Tuesday': '8:0-18:0', 'Wednesday': '8:0-18:0', 'Thursday': '8:0-18:0', 'Friday': '8:0-18:0', 'Saturday': '8:0-18:0'}",47391.0,44,60.0,False,False,2,False,False,False,False,True,-0.7192005092594499,-0.6211817361224654
65,BtcOytu968lkyyO0IICv8w,Wissahickon Brewing Company,3705 W Schoolhouse Ln,Philadelphia,PA,19129,40.0136369648,-75.2006627311,4.0,95,1,"Pubs, Bars, Breweries, Food, Nightlife","{'Monday': '0:0-0:0', 'Tuesday': '15:0-22:0', 'Wednesday': '15:0-22:0', 'Thursday': '15:0-23:0', 'Friday': '15:0-1:0', 'Saturday': '12:0-23:0', 'Sunday': '12:0-18:0'}",47391.0,44,49.0,False,False,2,True,False,True,False,True,-0.7192005092594499,-0.2355541710179861
66,dO4iyNK2KzLMe1kXLCskbw,St. Declan's Well,3131 Walnut St,Philadelphia,PA,19104,39.952126,-75.186438,3.5,30,0,"Nightlife, Music Venues, Irish, Pubs, Irish Pub, Arts & Entertainment, Food, Restaurants, Breweries, Bars, Beer, Wine & Spirits","{'Monday': '11:0-2:0', 'Tuesday': '11:0-2:0', 'Wednesday': '11:0-2:0', 'Thursday': '11:0-2:0', 'Friday': '11:0-2:0', 'Saturday': '9:0-2:0', 'Sunday': '9:0-2:0'}",44937.0,39,109.0,True,False,2,False,True,False,True,True,-0.7411101945810753,-0.5339564535393093
67,ZBaetx-wjXvQVzfB_OnASQ,The Rotisserie At the Porch,2955 Market St,Philadelphia,PA,19104,39.954877,-75.18207,2.0,9,1,"Beer Gardens, Food, Food Trucks, Nightlife",,44937.0,39,0.0,False,False,3,True,False,False,False,True,-0.7411101945810753,-0.6303633448154292
68,VSVtG0BfSCRIZfo03VgHCQ,William Street Common,3900 Chestnut St,Philadelphia,PA,19104,39.9549304,-75.2001318,3.5,72,0,"Beer Gardens, Nightlife, Restaurants, American (Traditional), Cafes, Cocktail Bars, Bars, Arts & Entertainment, Event Planning & Services, Venues & Event Spaces, Music Venues","{'Wednesday': '17:0-2:0', 'Thursday': '17:0-2:0', 'Friday': '17:0-2:0', 'Saturday': '17:0-2:0'}",44937.0,39,36.0,False,False,2,True,False,False,True,True,-0.7411101945810753,-0.34114267098706974
69,ShYwqkUf7PkI7LHqCyTmEA,PHS Pop Up Garden - uCity Square,36th & Filbert St,Philadelphia,PA,19104,39.957087816,-75.1941281726,4.0,13,0,"Beer Gardens, Nightlife","{'Monday': '16:0-21:0', 'Tuesday': '16:0-21:0', 'Wednesday': '16:0-21:0', 'Thursday': '16:0-21:0', 'Friday': '14:0-0:0', 'Saturday': '14:0-0:0', 'Sunday': '12:0-22:0'}",44937.0,39,50.0,False,True,1,False,True,False,True,True,-0.7411101945810753,-0.6120001274295016
70,RnPqB4DPIWXch_hl7u2-mw,Holiday Beverages,8601 Torresdale Ave,Philadelphia,PA,19136,40.0427547,-75.0102746,3.5,5,1,"Beer, Wine & Spirits, Food, Breweries","{'Monday': '0:0-0:0', 'Tuesday': '9:30-20:0', 'Wednesday': '9:30-20:0', 'Thursday': '9:30-20:0', 'Friday': '9:30-20:0', 'Saturday': '9:30-20:0', 'Sunday': '11:0-16:0'}",44441.0,47,57.5,False,False,1,True,False,False,False,True,-0.7455385580364648,-0.6487265622013567
71,NZjrCgnv1K5OyRfdru32_w,Mainstay Independent Brewing,901 N Delaware Ave,Philadelphia,PA,19123,39.9625821369,-75.1356569678,4.0,23,1,"Beer Gardens, Nightlife, Food, Brewpubs, Breweries",,36003.0,40,0.0,False,False,2,False,False,False,False,True,-0.8208743056908557,-0.5660920839646826
72,yuIhKvOjgDbYCkgw-j55sA,Goose Island Brewhouse,1002 Canal St,Philadelphia,PA,19123,39.9652138,-75.1355053,3.5,149,0,"Breweries, Nightlife, Brewpubs, Restaurants, Pubs, Food, American (Traditional), Bars, Venues & Event Spaces, Event Planning & Services","{'Monday': '0:0-0:0', 'Tuesday': '16:0-22:0', 'Wednesday': '16:0-22:0', 'Thursday': '16:0-22:0', 'Friday': '10:0-23:0', 'Saturday': '11:0-23:0', 'Sunday': '12:0-22:0'}",36003.0,40,53.0,True,True,2,False,True,True,True,True,-0.8208743056908557,0.01234926369203629
73,Mwc3n5Psw9wRaQ22vZWDYQ,Bar Hygge,1720 Fairmount Ave,Philadelphia,PA,19130,39.9671254924,-75.1661240918,4.5,387,1,"Food, Restaurants, Breweries, Comfort Food, Brewpubs, Breakfast & Brunch, Gastropubs","{'Monday': '0:0-0:0', 'Tuesday': '16:0-22:0', 'Wednesday': '16:0-22:0', 'Thursday': '16:0-22:0', 'Friday': '16:0-22:0', 'Saturday': '16:0-22:0', 'Sunday': '16:0-22:0'}",36003.0,45,36.0,True,True,2,True,False,False,True,True,-0.8208743056908557,1.1049606981547275
74,u6d3yxe7hns5veswWcSdXA,Triple Bottom Brewing,915 Spring Garden St,Philadelphia,PA,19123,39.962137,-75.153399,4.0,42,1,"Food, Breweries","{'Monday': '0:0-0:0', 'Thursday': '15:0-22:0', 'Friday': '15:0-22:0', 'Saturday': '15:0-22:0', 'Sunday': '12:0-18:0'}",36003.0,40,27.0,False,True,2,True,False,False,False,True,-0.8208743056908557,-0.4788668013815266
75,4IrGZzglUUDgxfBBJKbnZw,Roy-Pitz Barrel House,990 Spring Garden St,Philadelphia,PA,19123,39.9614570819,-75.1541474462,4.0,151,1,"Restaurants, Gastropubs, Pizza, Bars, Nightlife, Food, Breweries, Beer Bar, Brewpubs","{'Monday': '0:0-0:0', 'Thursday': '16:0-22:0', 'Friday': '16:0-22:0', 'Saturday': '13:0-22:0', 'Sunday': '13:0-20:0'}",36003.0,40,28.0,True,True,2,True,True,False,True,True,-0.8208743056908557,0.021530872385000083
76,CZyOI0tkdu4y35xnNmamlg,Northern Liberties Beer,1022 N Marshall St,Philadelphia,PA,19123,39.9701645,-75.1475834,4.5,6,0,"Food, Convenience Stores, Beer, Wine & Spirits, Breweries","{'Monday': '8:0-18:0', 'Tuesday': '8:0-18:0', 'Wednesday': '8:0-18:0', 'Thursday': '8:0-18:0', 'Friday': '8:0-18:0', 'Saturday': '8:0-18:0'}",36003.0,40,60.0,False,False,2,True,False,False,False,True,-0.8208743056908557,-0.6441357578548749
77,pog-n68Vw_8tvHPHB51rZQ,Love City Brewing Company,1023 Hamilton St,Philadelphia,PA,19123,39.9603099077,-75.1554151252,4.5,162,1,"Brewpubs, Breweries, Nightlife, Bars, Food, Bar Crawl","{'Monday': '0:0-0:0', 'Tuesday': '16:0-22:0', 'Wednesday': '16:0-22:0', 'Thursday': '16:0-22:0', 'Friday': '16:0-0:0', 'Saturday': '12:0-0:0', 'Sunday': '12:0-20:0'}",36003.0,40,46.0,True,False,2,True,False,True,False,True,-0.8208743056908557,0.07202972019630094
78,aPNXGTDkf-4bjhyMBQxqpQ,Craft Hall,901 N Delaware Ave,Philadelphia,PA,19123,39.9625821,-75.1356571,3.5,65,1,"Eatertainment, Arts & Entertainment, Brewpubs, American (Traditional), Bakeries, Breweries, Food, Restaurants","{'Monday': '0:0-0:0', 'Wednesday': '16:0-22:0', 'Thursday': '16:0-22:0', 'Friday': '16:0-19:0', 'Saturday': '11:0-23:0', 'Sunday': '11:0-20:0'}",36003.0,40,36.0,True,True,2,False,True,True,False,True,-0.8208743056908557,-0.373278301412443
79,6GOdPucdzalKnlytAyOmDw,Piazza Pod Park,1075 Germantown Ave,Philadelphia,PA,19123,39.967475,-75.139348,3.5,27,0,"Beer Gardens, Bars, Arts & Entertainment, Active Life, Food, Nightlife, Parks, Playgrounds","{'Monday': '7:0-22:0', 'Tuesday': '7:0-22:0', 'Wednesday': '7:0-22:0', 'Thursday': '7:0-22:0', 'Friday': '7:0-0:0', 'Saturday': '7:0-0:0', 'Sunday': '9:0-22:0'}",36003.0,40,107.0,False,False,2,True,False,True,False,True,-0.8208743056908557,-0.5477288665787551
80,EfYKKT1ov4SYDBdrQiekvA,Parks On Tap-Azalea Gardens,636 Waterworks Dr,Philadelphia,PA,19130,39.9683746112,-75.1838455246,3.5,7,1,"Local Flavor, Parks, Nightlife, Active Life, Beer Gardens",,36003.0,45,0.0,False,False,2,False,False,True,False,True,-0.8208743056908557,-0.639544953508393
81,nk2a2nI1jfln9zLpxEvTnw,Crime & Punishment Brewing,2711 W Girard Ave,Philadelphia,PA,19130,39.9744581,-75.1808263,4.5,178,1,"Nightlife, Bars, Food, Breweries","{'Tuesday': '15:0-21:30', 'Wednesday': '15:0-21:30', 'Thursday': '15:0-21:30', 'Friday': '15:0-21:30', 'Saturday': '14:0-21:30', 'Sunday': '13:0-19:0'}",36003.0,45,39.5,True,False,1,True,False,False,False,True,-0.8208743056908557,0.14548258974001127
82,UkBmK4Icaximp2DY2Zf_iw,Crabby Cafe and Sports Bar,"1050 N Hancock St, Unit 1",Philadelphia,PA,19123,39.9664438,-75.139576,3.0,151,0,"Beer Gardens, Restaurants, Bars, Vietnamese, Sandwiches, Cajun/Creole, Sports Bars, Seafood, Nightlife","{'Monday': '11:0-0:0', 'Tuesday': '11:0-0:0', 'Wednesday': '11:0-0:0', 'Thursday': '11:0-2:0', 'Friday': '11:0-2:0', 'Saturday': '11:0-2:0', 'Sunday': '11:0-0:0'}",36003.0,40,97.0,True,True,2,True,True,False,True,True,-0.8208743056908557,0.021530872385000083
83,0n6rbrYy_zlr9N1WnEmr9Q,Pier Bar,2025 Fairmount Ave,Philadelphia,PA,19130,39.9674703,-75.1711596,3.5,9,1,"Restaurants, Seafood, Breakfast & Brunch, Nightlife, Beer Gardens, Bars","{'Monday': '17:0-23:0', 'Tuesday': '17:0-23:0', 'Wednesday': '17:0-23:0', 'Thursday': '17:0-23:0', 'Friday': '17:0-23:0', 'Saturday': '17:0-23:0'}",36003.0,45,36.0,False,True,2,False,False,False,False,True,-0.8208743056908557,-0.6303633448154292
84,rIUDqviGWQBpPOSBw2I2Ng,Soju Biergarten,"1050 N Hancock St, Unit 51",Philadelphia,PA,19123,39.9664438,-75.139576,4.0,6,0,"Korean, Beer Gardens, Japanese, Restaurants, Ramen, Nightlife",,36003.0,40,0.0,False,True,2,True,True,False,True,True,-0.8208743056908557,-0.6441357578548749
85,tN6Mhhr_sDyk_xawdxnUyQ,PHS Pop Up Garden - Viaduct Rail Park,Hamilton 10th St,Philadelphia,PA,19123,39.960184,-75.154843,4.0,14,0,"Local Services, Beer Gardens, Parks, Active Life, Nightlife, Community Service/Non-Profit","{'Wednesday': '17:0-22:0', 'Thursday': '17:0-22:0', 'Friday': '14:0-0:0', 'Saturday': '14:0-0:0', 'Sunday': '12:0-22:0'}",36003.0,40,40.0,False,True,2,True,False,False,False,True,-0.8208743056908557,-0.6074093230830196
86,Pyr5bTFM3PJtphoWDtIYlQ,Tiedhouse,2001 Hamilton St,Philadelphia,PA,19176,39.9628296,-75.1719117,3.5,6,0,"Food, Breweries, Restaurants",,36003.0,35,0.0,False,True,2,False,False,False,True,True,-0.8208743056908557,-0.6441357578548749
87,2SYEGA2fZLdzZQ9lmIfM5Q,Urban Village Brewing Co,1001 N 2nd St,Philadelphia,PA,19123,39.9667,-75.13997,4.0,221,1,"American (New), Bars, Food, Pubs, Breweries, Pizza, Restaurants, Nightlife","{'Monday': '0:0-0:0', 'Tuesday': '12:0-0:0', 'Wednesday': '12:0-0:0', 'Thursday': '12:0-0:0', 'Friday': '12:0-2:0', 'Saturday': '12:0-2:0', 'Sunday': '12:0-0:0'}",36003.0,40,76.0,True,True,2,True,True,True,True,True,-0.8208743056908557,0.3428871766387328
88,IvAa7PvfOYl0xRML5W3ebg,Yards Brewing Company,500 Spring Garden St,Philadelphia,PA,19123,39.9609706195,-75.146908,4.0,755,1,"American (Traditional), Nightlife, Food, Bars, Restaurants, Beer, Wine & Spirits, American (New), Pubs, Local Flavor, Breweries, Event Planning & Services, Venues & Event Spaces","{'Monday': '0:0-0:0', 'Tuesday': '11:30-21:0', 'Wednesday': '11:30-21:0', 'Thursday': '11:30-15:0', 'Friday': '11:30-22:0', 'Saturday': '11:30-22:0', 'Sunday': '11:30-21:0'}",36003.0,40,53.0,True,True,2,True,True,False,False,True,-0.8208743056908557,2.7943766976600655
89,WCOOi_rQ61MoQ6karcvpBw,The Patio,500 N 10th St,Philadelphia,PA,19123,39.9601081736,-75.154968,4.0,10,0,"Beer Gardens, Lounges, Bars, Nightlife, Cocktail Bars","{'Saturday': '18:0-23:0', 'Sunday': '18:0-23:0'}",36003.0,40,10.0,False,True,2,False,False,False,False,True,-0.8208743056908557,-0.6257725404689473
90,BPBTCvmUfRnEH6yyABzOzA,Evil Genius Beer,1727 N Front St,Philadelphia,PA,19122,39.9757885,-75.133938,4.0,283,1,"Restaurants, Nightlife, Beer Gardens, Gastropubs, Food, Breweries","{'Monday': '0:0-0:0', 'Tuesday': '16:0-21:0', 'Wednesday': '16:0-22:0', 'Thursday': '16:0-22:0', 'Friday': '12:0-22:0', 'Saturday': '12:0-23:0', 'Sunday': '12:0-20:0'}",32543.0,46,46.0,True,True,2,True,True,True,True,True,-0.8517657120530496,0.6275170461206104
91,wcmatdiNPFeo6HKNNF97Ww,Human Robot,1710 N 5th St,Philadelphia,PA,19122,39.9772706548,-75.1435684785,4.5,40,1,"Breweries, Food, Brewpubs","{'Monday': '11:0-22:30', 'Tuesday': '11:0-22:30', 'Wednesday': '11:0-22:30', 'Thursday': '11:0-23:30', 'Friday': '11:0-23:30', 'Saturday': '11:0-23:30', 'Sunday': '11:0-23:30'}",32543.0,46,84.5,True,True,2,True,False,False,False,True,-0.8517657120530496,-0.4880484100744904
92,JrG4NINLspXPNhSXg7Q07Q,Front Street Cafe,1253 N Front St,Philadelphia,PA,19122,39.9702007,-75.1356343,4.0,716,1,"Coffee & Tea, Restaurants, Cafes, American (New), Cocktail Bars, Breakfast & Brunch, Vegan, Bars, Nightlife, Food, Juice Bars & Smoothies, Beer Gardens","{'Monday': '9:0-15:0', 'Wednesday': '9:0-15:0', 'Thursday': '9:0-21:0', 'Friday': '9:0-22:0', 'Saturday': '9:0-22:0', 'Sunday': '9:0-15:0'}",32543.0,46,56.0,True,True,2,True,False,False,True,True,-0.8517657120530496,2.6153353281472715
93,OAdMiCSG0iamQ1MBhiZQuQ,Fermentery Form,1700 N Palethorp St,Philadelphia,PA,19122,39.9763680823,-75.1375425607,4.5,27,1,"Food, Breweries",{'Thursday': '17:30-22:0'},32543.0,46,4.5,False,False,2,True,False,False,False,True,-0.8517657120530496,-0.5477288665787551
94,eeKJYP614nNnDwnjKpl7XA,Punch Buggy Brewing,1445 N American St,Philadelphia,PA,19122,39.9736435923,-75.1395907626,4.0,24,1,"Breweries, Brewpubs, Food, Hot Dogs, Restaurants, Sandwiches","{'Thursday': '17:0-22:0', 'Friday': '17:0-0:0', 'Saturday': '12:0-0:0', 'Sunday': '12:0-18:0'}",32543.0,46,30.0,False,False,1,True,False,False,False,True,-0.8517657120530496,-0.5615012796182007
95,ZJGo8ch9AGkl63hdbgeEkA,Saint Benjamin Brewing Company,1710 N 5th St,Philadelphia,PA,19122,39.977299,-75.143601,4.0,83,0,"Gastropubs, Food, Breweries, Restaurants","{'Monday': '0:0-0:0', 'Tuesday': '16:0-2:0', 'Wednesday': '16:0-2:0', 'Thursday': '16:0-2:0', 'Friday': '12:0-2:0', 'Saturday': '11:0-2:0', 'Sunday': '11:0-2:0'}",32543.0,46,74.0,False,False,2,True,False,False,False,True,-0.8517657120530496,-0.29064382317576887
96,cDekcTE1qwpz8ROlYixhqg,Philly Homebrew Outlet East,1447 N American St,Philadelphia,PA,19122,39.9736806,-75.1396479,5.0,32,0,"Shopping, Food, Arts & Entertainment, Wholesale Stores, Brewing Supplies, Beer, Wine & Spirits, Wineries","{'Monday': '11:0-19:0', 'Tuesday': '11:0-19:0', 'Wednesday': '11:0-19:0', 'Thursday': '11:0-19:0', 'Friday': '11:0-19:0', 'Saturday': '10:0-17:0', 'Sunday': '10:0-17:0'}",32543.0,46,54.0,False,False,2,True,False,False,False,True,-0.8517657120530496,-0.5247748448463455
97,CQgCsfUUZduNz0fNyeAsyA,Uptown Beer Garden,1500 John F Kennedy Blvd,Philadelphia,PA,19102,39.9534989,-75.1658879,4.0,7,1,"Beer Gardens, Nightlife",,28703.0,39,0.0,False,False,2,False,False,False,False,True,-0.8860498162238083,-0.639544953508393
98,r4eDzodjjoxk79ydS7V67Q,1518 Bar & Grill,1518 Sansom St,Philadelphia,PA,19102,39.9501977,-75.1666386,4.0,221,1,"American (New), Nightlife, Cocktail Bars, Breweries, Bars, Restaurants, Food, American (Traditional)","{'Monday': '11:0-2:0', 'Tuesday': '11:0-2:0', 'Wednesday': '11:0-2:0', 'Thursday': '11:0-2:0', 'Friday': '11:0-2:0', 'Saturday': '11:0-2:0', 'Sunday': '11:0-2:0'}",28703.0,39,105.0,True,True,2,True,True,False,True,True,-0.8860498162238083,0.3428871766387328
99,bfiO0n663Ej36svzuRuVtA,Nodding Head Brewery & Restaurant,"1516 Sansom St, 2nd Floor",Philadelphia,PA,19102,39.950221,-75.166583,3.5,339,0,"Nightlife, Breweries, Pubs, Bars, Food, American (New), Restaurants","{'Monday': '11:30-2:0', 'Tuesday': '11:30-2:0', 'Wednesday': '11:30-2:0', 'Thursday': '11:30-2:0', 'Friday': '11:30-2:0', 'Saturday': '11:30-2:0', 'Sunday': '11:0-2:0'}",28703.0,39,102.0,True,False,2,True,True,False,True,True,-0.8860498162238083,0.8846020895235965
